1,2,3
Actions,Archery,Aamir
Administration,Athletics,Action
Affairs,Away,Actors
Annual,Badminton,Actress
Assembly,Ball,Adapted
Associative,Baseball,Advertising
Banerjee,Bat,Alia
Bhartiya,Batter,Amazon
Bhavan,Boast,Animation
BJP,Bout,Anushka
Budget,Bowler,Artist
Cabinet,Bowling,Autograph
Campaign,Boxing,Avengers
Career,Boxing,Awards
Challenges,Breaking,Best
Chief,Bronze,Bhatt
City,Call,Biopic
Civil,Captain,Blockbuster
Clans,Championship,Bollywood
CM,Chopra,Box
Coalition,Class,Cameo
Commission,Club,Camera
Committee,Coach,Cartoon
Company,Combat,Cast
Conflicts,Compete,Character
Congress,Competed,Cinema
Conservative,Competition,Cinematograph
Constitution,Cycling,Comedy
Constitutional,Defence,Contract
Constructive,Delivery,Controveries
Core ,Dhoni,DC
Corridors,Dive,Direction
Corrupion,Dribble,Director
Council,Duck,Documentary
Court,England,Drama
Crisis,European,Dubbed
Cultural,Feature,Entertainment
Curfew,Female,Episode
Debate,First,Fantasy
Defence,Fitness,Female
Deliberative,Football,Film
Democractically,Former,Film Set
Democratic,Formula,Footage
Deputy,Game,Global
Diplomatic,Go,Hindi
Discussion,Gold,Hollywood
EC,Golf,Horror
Economic,Golf,Industry
ED,Good,Industry
Elections,Gymnastics,Infotainment
Electoral,Half,Inspired
Ethics,Hockey,Internet
Expelled,India,Interview
Federation,Indoor,Introducing
FIR,International,Johar
Forces,Interview,Kapil
Gandhi,Judo,Kapoor
Governance,Kick,Karan
Government,Kill,Khan
Governmental,League,Launching
Governor,Match,Lead
Govt,Medal,Length
HC,National,Love
High,Neeraj,Magazine
Hindutva,Offside,Make
Influence,Olympian,Male
Institutionalism,Olympics,Marvel
Interest,Over,Miniseries
Internals,Overs,Movie
Issue,Paralympic,Mumbai
Jailed,Pavellion,Musical
Janata ,Player,Netflix
Journalist,Players,Newspaper
Law,Playoffs,Office
Leaders ,Position,Opera
Leadership,Premier,OTT
Leading ,Professional,Photos
Legislation,Pull,Picture
Liberal,Racer,Plays
Localist,Racing,Plot
Lok,Racist,Portrayal
Majority,Record,Poster
Mamata,Record,Prequel
Meeting,Recreational,Preview
Minister,Regulation,Prime
Ministers,Reverse,Produced
MLA,Ride,Promotion
MLAs,Riding,Radio
Modi,Row,Ranbir
Monarchy,Rugby,Reality
Movement,Run,Recording
Nation,Running,Reel
Negotiation,Sachin,Release
Nepotism,Salary,Releases
Oath,Save,Releasing
Officials,Season,Reviews
Opposition,Seond,Role
Owaisi,Shutters,Romance
Parliament,Silver,Romcom
Parliamentary,Skating,Saif
Parties,Ski,Sales
Party,Skipper,Salman
Petition,Snatch,Screened
PM,Soccer,Screenplay
Police,Sponsorship,Screenwriter
Policies,Sport,Script
Policy,Sportsman,Season
Political,Sportsmanship,Sequel
Politician,Stadium,Series
Politicise,Success,Sharma
Politics,Swing,Shoot
Power,Table,Short
Presidency,Team,Slow
President,Teams,Soundtrack
Prime,Television,Soundtrack
Protests,Tendulkar,Spoof
Public,Tennis,Starred
Rahul,Test,Starring
Raj,Test Match,Stock
Rebel,Third,Suspense
Reform,Tour,Teaser
Relations,Tour,Television
Relief,Tournament,Theater
Religious,Training System,Thriller
Representation,Trial,Ticket
Representatives,Venue,Tollywood
Republic,View,Trailer
Ruling,Wage,Trends
Sabha,Wicket,Trilogy
SC,Wicketkeeper,Video
Secularism,Wickets,Videotape
Sena,Wimbledon,Viral
Service,Women,Wrap
Shiv,World,Writing
Social,Wrestling,
Spokesperson,,
State,,
Struggle,,
Supreme,,
System,,
Tax,,
Thackeray,,
TMC,,
Tribe,,
Trinamool,,
Unconstituional,,
United,,
UP,,
Vice,,
Vote,,
Warfare,,
